{"__symbolic":"module","version":4,"metadata":{"BsComponentRef":{"__symbolic":"class","arity":1,"members":{}},"ComponentLoader":{"__symbolic":"class","arity":1,"members":{"__ctor__":[{"__symbolic":"constructor","parameters":[{"__symbolic":"reference","module":"@angular/core","name":"ViewContainerRef","line":95,"character":31},{"__symbolic":"reference","module":"@angular/core","name":"Renderer2","line":96,"character":23},{"__symbolic":"reference","module":"@angular/core","name":"ElementRef","line":97,"character":25},{"__symbolic":"reference","module":"@angular/core","name":"Injector","line":98,"character":23},{"__symbolic":"reference","module":"@angular/core","name":"ComponentFactoryResolver","line":99,"character":39},{"__symbolic":"reference","module":"@angular/core","name":"NgZone","line":100,"character":21},{"__symbolic":"reference","module":"@angular/core","name":"ApplicationRef","line":101,"character":29},{"__symbolic":"reference","module":"ngx-bootstrap/positioning","name":"PositioningService","line":102,"character":25}]}],"attach":[{"__symbolic":"method"}],"to":[{"__symbolic":"method"}],"position":[{"__symbolic":"method"}],"provide":[{"__symbolic":"method"}],"show":[{"__symbolic":"method"}],"hide":[{"__symbolic":"method"}],"toggle":[{"__symbolic":"method"}],"dispose":[{"__symbolic":"method"}],"listen":[{"__symbolic":"method"}],"_removeGlobalListener":[{"__symbolic":"method"}],"attachInline":[{"__symbolic":"method"}],"_registerOutsideClick":[{"__symbolic":"method"}],"getInnerComponent":[{"__symbolic":"method"}],"_subscribePositioning":[{"__symbolic":"method"}],"_unsubscribePositioning":[{"__symbolic":"method"}],"_getContentRef":[{"__symbolic":"method"}]}},"ComponentLoaderFactory":{"__symbolic":"class","decorators":[{"__symbolic":"call","expression":{"__symbolic":"reference","module":"@angular/core","name":"Injectable","line":7,"character":1}}],"members":{"__ctor__":[{"__symbolic":"constructor","parameters":[{"__symbolic":"reference","module":"@angular/core","name":"ComponentFactoryResolver","line":9,"character":49},{"__symbolic":"reference","module":"@angular/core","name":"NgZone","line":10,"character":31},{"__symbolic":"reference","module":"@angular/core","name":"Injector","line":11,"character":33},{"__symbolic":"reference","module":"ngx-bootstrap/positioning","name":"PositioningService","line":12,"character":35},{"__symbolic":"reference","module":"@angular/core","name":"ApplicationRef","line":13,"character":39}]}],"createLoader":[{"__symbolic":"method"}]}},"ContentRef":{"__symbolic":"class","members":{"__ctor__":[{"__symbolic":"constructor","parameters":[{"__symbolic":"reference","name":"Array","arguments":[{"__symbolic":"reference","name":"any"}]},{"__symbolic":"reference","module":"@angular/core","name":"ViewRef","line":17,"character":14},{"__symbolic":"reference","name":"ComponentRef","module":"@angular/core","arguments":[{"__symbolic":"reference","name":"any"}]}]}]}}},"origins":{"BsComponentRef":"./bs-component-ref.class","ComponentLoader":"./component-loader.class","ComponentLoaderFactory":"./component-loader.factory","ContentRef":"./content-ref.class"},"importAs":"ngx-bootstrap/component-loader"}