{"__symbolic":"module","version":4,"metadata":{"CollapseDirective":{"__symbolic":"class","decorators":[{"__symbolic":"call","expression":{"__symbolic":"reference","module":"@angular/core","name":"Directive","line":22,"character":1},"arguments":[{"selector":"[collapse]","exportAs":"bs-collapse","host":{"[class.collapse]":"true","$quoted$":["[class.collapse]"]}}]}],"members":{"collapsed":[{"__symbolic":"property","decorators":[{"__symbolic":"call","expression":{"__symbolic":"reference","module":"@angular/core","name":"Output","line":31,"character":3}}]}],"collapses":[{"__symbolic":"property","decorators":[{"__symbolic":"call","expression":{"__symbolic":"reference","module":"@angular/core","name":"Output","line":33,"character":3}}]}],"expanded":[{"__symbolic":"property","decorators":[{"__symbolic":"call","expression":{"__symbolic":"reference","module":"@angular/core","name":"Output","line":35,"character":3}}]}],"expands":[{"__symbolic":"property","decorators":[{"__symbolic":"call","expression":{"__symbolic":"reference","module":"@angular/core","name":"Output","line":37,"character":3}}]}],"isExpanded":[{"__symbolic":"property","decorators":[{"__symbolic":"call","expression":{"__symbolic":"reference","module":"@angular/core","name":"HostBinding","line":39,"character":3},"arguments":["class.in"]},{"__symbolic":"call","expression":{"__symbolic":"reference","module":"@angular/core","name":"HostBinding","line":40,"character":3},"arguments":["class.show"]},{"__symbolic":"call","expression":{"__symbolic":"reference","module":"@angular/core","name":"HostBinding","line":41,"character":3},"arguments":["attr.aria-expanded"]}]}],"isCollapsed":[{"__symbolic":"property","decorators":[{"__symbolic":"call","expression":{"__symbolic":"reference","module":"@angular/core","name":"HostBinding","line":45,"character":3},"arguments":["attr.aria-hidden"]}]}],"isCollapse":[{"__symbolic":"property","decorators":[{"__symbolic":"call","expression":{"__symbolic":"reference","module":"@angular/core","name":"HostBinding","line":47,"character":3},"arguments":["class.collapse"]}]}],"isCollapsing":[{"__symbolic":"property","decorators":[{"__symbolic":"call","expression":{"__symbolic":"reference","module":"@angular/core","name":"HostBinding","line":49,"character":3},"arguments":["class.collapsing"]}]}],"display":[{"__symbolic":"property","decorators":[{"__symbolic":"call","expression":{"__symbolic":"reference","module":"@angular/core","name":"Input","line":51,"character":3}}]}],"isAnimated":[{"__symbolic":"property","decorators":[{"__symbolic":"call","expression":{"__symbolic":"reference","module":"@angular/core","name":"Input","line":70,"character":3}}]}],"collapse":[{"__symbolic":"property","decorators":[{"__symbolic":"call","expression":{"__symbolic":"reference","module":"@angular/core","name":"Input","line":72,"character":3}}]}],"__ctor__":[{"__symbolic":"constructor","parameters":[{"__symbolic":"reference","module":"@angular/core","name":"ElementRef","line":96,"character":17},{"__symbolic":"reference","module":"@angular/core","name":"Renderer2","line":97,"character":23},{"__symbolic":"reference","module":"@angular/animations","name":"AnimationBuilder","line":98,"character":14}]}],"ngAfterViewChecked":[{"__symbolic":"method"}],"toggle":[{"__symbolic":"method"}],"hide":[{"__symbolic":"method"}],"show":[{"__symbolic":"method"}],"animationRun":[{"__symbolic":"method"}]}},"CollapseModule":{"__symbolic":"class","decorators":[{"__symbolic":"call","expression":{"__symbolic":"reference","module":"@angular/core","name":"NgModule","line":4,"character":1},"arguments":[{"declarations":[{"__symbolic":"reference","name":"CollapseDirective"}],"exports":[{"__symbolic":"reference","name":"CollapseDirective"}]}]}],"members":{},"statics":{"forRoot":{"__symbolic":"function","parameters":[],"value":{"ngModule":{"__symbolic":"reference","name":"CollapseModule"},"providers":[]}}}}},"origins":{"CollapseDirective":"./collapse.directive","CollapseModule":"./collapse.module"},"importAs":"ngx-bootstrap/collapse"}