{"__symbolic":"module","version":4,"metadata":{"ɵa":{"provide":{"__symbolic":"reference","module":"@angular/forms","name":"NG_VALUE_ACCESSOR","line":14,"character":11},"useExisting":{"__symbolic":"reference","name":"ButtonCheckboxDirective"},"multi":true},"ButtonCheckboxDirective":{"__symbolic":"class","decorators":[{"__symbolic":"call","expression":{"__symbolic":"reference","module":"@angular/core","name":"Directive","line":23,"character":1},"arguments":[{"selector":"[btnCheckbox]","providers":[{"__symbolic":"reference","name":"ɵa"}]}]}],"members":{"btnCheckboxTrue":[{"__symbolic":"property","decorators":[{"__symbolic":"call","expression":{"__symbolic":"reference","module":"@angular/core","name":"Input","line":29,"character":3}}]}],"btnCheckboxFalse":[{"__symbolic":"property","decorators":[{"__symbolic":"call","expression":{"__symbolic":"reference","module":"@angular/core","name":"Input","line":31,"character":3}}]}],"state":[{"__symbolic":"property","decorators":[{"__symbolic":"call","expression":{"__symbolic":"reference","module":"@angular/core","name":"HostBinding","line":33,"character":3},"arguments":["class.active"]},{"__symbolic":"call","expression":{"__symbolic":"reference","module":"@angular/core","name":"HostBinding","line":34,"character":3},"arguments":["attr.aria-pressed"]}]}],"onClick":[{"__symbolic":"method","decorators":[{"__symbolic":"call","expression":{"__symbolic":"reference","module":"@angular/core","name":"HostListener","line":44,"character":3},"arguments":["click"]}]}],"ngOnInit":[{"__symbolic":"method"}],"toggle":[{"__symbolic":"method"}],"writeValue":[{"__symbolic":"method"}],"setDisabledState":[{"__symbolic":"method"}],"registerOnChange":[{"__symbolic":"method"}],"registerOnTouched":[{"__symbolic":"method"}]}},"ɵb":{"provide":{"__symbolic":"reference","module":"@angular/forms","name":"NG_VALUE_ACCESSOR","line":13,"character":11},"useExisting":{"__symbolic":"reference","name":"ButtonRadioGroupDirective"},"multi":true},"ButtonRadioGroupDirective":{"__symbolic":"class","decorators":[{"__symbolic":"call","expression":{"__symbolic":"reference","module":"@angular/core","name":"Directive","line":23,"character":1},"arguments":[{"selector":"[btnRadioGroup]","providers":[{"__symbolic":"reference","name":"ɵb"}]}]}],"members":{"radioButtons":[{"__symbolic":"property","decorators":[{"__symbolic":"call","expression":{"__symbolic":"reference","module":"@angular/core","name":"ContentChildren","line":31,"character":3},"arguments":[{"__symbolic":"reference","name":"ButtonRadioDirective"}]}]}],"__ctor__":[{"__symbolic":"constructor","parameters":[{"__symbolic":"reference","module":"@angular/core","name":"ChangeDetectorRef","line":42,"character":27}]}],"writeValue":[{"__symbolic":"method"}],"registerOnChange":[{"__symbolic":"method"}],"registerOnTouched":[{"__symbolic":"method"}],"setDisabledState":[{"__symbolic":"method"}]}},"ɵc":{"provide":{"__symbolic":"reference","module":"@angular/forms","name":"NG_VALUE_ACCESSOR","line":17,"character":11},"useExisting":{"__symbolic":"reference","name":"ButtonRadioDirective"},"multi":true},"ButtonRadioDirective":{"__symbolic":"class","decorators":[{"__symbolic":"call","expression":{"__symbolic":"reference","module":"@angular/core","name":"Directive","line":27,"character":1},"arguments":[{"selector":"[btnRadio]","providers":[{"__symbolic":"reference","name":"ɵc"}]}]}],"members":{"btnRadio":[{"__symbolic":"property","decorators":[{"__symbolic":"call","expression":{"__symbolic":"reference","module":"@angular/core","name":"Input","line":36,"character":3}}]}],"uncheckable":[{"__symbolic":"property","decorators":[{"__symbolic":"call","expression":{"__symbolic":"reference","module":"@angular/core","name":"Input","line":38,"character":3}}]}],"value":[{"__symbolic":"property","decorators":[{"__symbolic":"call","expression":{"__symbolic":"reference","module":"@angular/core","name":"Input","line":40,"character":3}}]}],"disabled":[{"__symbolic":"property","decorators":[{"__symbolic":"call","expression":{"__symbolic":"reference","module":"@angular/core","name":"Input","line":53,"character":3}}]}],"isActive":[{"__symbolic":"property","decorators":[{"__symbolic":"call","expression":{"__symbolic":"reference","module":"@angular/core","name":"HostBinding","line":62,"character":3},"arguments":["class.active"]},{"__symbolic":"call","expression":{"__symbolic":"reference","module":"@angular/core","name":"HostBinding","line":63,"character":3},"arguments":["attr.aria-pressed"]}]}],"__ctor__":[{"__symbolic":"constructor","parameterDecorators":[null,null,[{"__symbolic":"call","expression":{"__symbolic":"reference","module":"@angular/core","name":"Optional","line":74,"character":5}}],null],"parameters":[{"__symbolic":"reference","module":"@angular/core","name":"ElementRef","line":72,"character":16},{"__symbolic":"reference","module":"@angular/core","name":"ChangeDetectorRef","line":73,"character":17},{"__symbolic":"reference","name":"ButtonRadioGroupDirective"},{"__symbolic":"reference","module":"@angular/core","name":"Renderer2","line":75,"character":22}]}],"onClick":[{"__symbolic":"method","decorators":[{"__symbolic":"call","expression":{"__symbolic":"reference","module":"@angular/core","name":"HostListener","line":78,"character":3},"arguments":["click"]}]}],"ngOnInit":[{"__symbolic":"method"}],"onBlur":[{"__symbolic":"method"}],"_onChange":[{"__symbolic":"method"}],"writeValue":[{"__symbolic":"method"}],"registerOnChange":[{"__symbolic":"method"}],"registerOnTouched":[{"__symbolic":"method"}],"setDisabledState":[{"__symbolic":"method"}]}},"ButtonsModule":{"__symbolic":"class","decorators":[{"__symbolic":"call","expression":{"__symbolic":"reference","module":"@angular/core","name":"NgModule","line":6,"character":1},"arguments":[{"declarations":[{"__symbolic":"reference","name":"ButtonCheckboxDirective"},{"__symbolic":"reference","name":"ButtonRadioDirective"},{"__symbolic":"reference","name":"ButtonRadioGroupDirective"}],"exports":[{"__symbolic":"reference","name":"ButtonCheckboxDirective"},{"__symbolic":"reference","name":"ButtonRadioDirective"},{"__symbolic":"reference","name":"ButtonRadioGroupDirective"}]}]}],"members":{},"statics":{"forRoot":{"__symbolic":"function","parameters":[],"value":{"ngModule":{"__symbolic":"reference","name":"ButtonsModule"},"providers":[]}}}}},"origins":{"ɵa":"./button-checkbox.directive","ButtonCheckboxDirective":"./button-checkbox.directive","ɵb":"./button-radio-group.directive","ButtonRadioGroupDirective":"./button-radio-group.directive","ɵc":"./button-radio.directive","ButtonRadioDirective":"./button-radio.directive","ButtonsModule":"./buttons.module"},"importAs":"ngx-bootstrap/buttons"}